XS,YS,RF,Rin,Cin,Cout,in_bits,w_bits,status,result_detail,Load X,Generate BRAMs,Load W and Select,Store O,Total,complete_counters,SW Mat-Mul,HW Mat-Mul,source
2,1,1,1,16,1,16,4,PASS,correctness pass,49,40,14,25,128,True,3979,1954,LUMAX/software/tests/src/Log/XS=2_YS=1_Mem_row_factor=1/RIN=1_CIN=16_COUT=1_INBITS=16_WBITS=4.txt
2,1,1,1,32,1,16,4,PASS,correctness pass,63,80,22,25,190,True,7444,2016,LUMAX/software/tests/src/Log/XS=2_YS=1_Mem_row_factor=1/RIN=1_CIN=32_COUT=1_INBITS=16_WBITS=4.txt
2,1,1,1,64,1,16,4,PASS,correctness pass,94,160,44,25,323,True,14373,2149,LUMAX/software/tests/src/Log/XS=2_YS=1_Mem_row_factor=1/RIN=1_CIN=64_COUT=1_INBITS=16_WBITS=4.txt
2,1,1,1,64,64,16,4,PASS,correctness pass,84,160,2694,268,3206,True,907312,5090,LUMAX/software/tests/src/Log/XS=2_YS=1_Mem_row_factor=1/RIN=1_CIN=64_COUT=64_INBITS=16_WBITS=4.txt
2,1,8,1,128,128,16,2,PASS,correctness pass,131,128,8833,478,9570,True,3628114,11518,LUMAX/software/tests/src/Log/XS=2_YS=1_Mem_row_factor=8/RIN=1_CIN=128_COUT=128_INBITS=16_WBITS=2.txt
2,1,8,1,128,128,16,4,PASS,correctness pass,131,320,8833,478,9762,True,3613762,11692,LUMAX/software/tests/src/Log/XS=2_YS=1_Mem_row_factor=8/RIN=1_CIN=128_COUT=128_INBITS=16_WBITS=4.txt
2,1,8,1,128,128,16,8,PASS,correctness pass,152,4160,13756,489,18557,True,2837226,20422,LUMAX/software/tests/src/Log/XS=2_YS=1_Mem_row_factor=8/RIN=1_CIN=128_COUT=128_INBITS=16_WBITS=8.txt
2,1,8,1,16,16,16,2,FAIL,correctness mismatch,49,16,215,84,364,True,57481,2281,LUMAX/software/tests/src/Log/XS=2_YS=1_Mem_row_factor=8/RIN=1_CIN=16_COUT=16_INBITS=16_WBITS=2.txt
2,1,8,1,16,16,16,4,PASS,correctness pass,49,40,221,84,394,True,57191,2219,LUMAX/software/tests/src/Log/XS=2_YS=1_Mem_row_factor=8/RIN=1_CIN=16_COUT=16_INBITS=16_WBITS=4.txt
2,1,8,1,16,16,16,8,PASS,correctness pass,49,520,258,68,895,True,44978,2752,LUMAX/software/tests/src/Log/XS=2_YS=1_Mem_row_factor=8/RIN=1_CIN=16_COUT=16_INBITS=16_WBITS=8.txt
2,1,8,1,256,256,16,2,FAIL,correctness mismatch,227,256,34049,970,35502,True,15343473,37560,LUMAX/software/tests/src/Log/XS=2_YS=1_Mem_row_factor=8/RIN=1_CIN=256_COUT=256_INBITS=16_WBITS=2.txt
2,1,8,1,256,256,16,4,PASS,correctness pass,227,640,34049,970,35886,True,15283317,37885,LUMAX/software/tests/src/Log/XS=2_YS=1_Mem_row_factor=8/RIN=1_CIN=256_COUT=256_INBITS=16_WBITS=4.txt
2,1,8,1,256,256,16,8,PASS,correctness pass,288,8320,55070,972,64650,True,11323861,66559,LUMAX/software/tests/src/Log/XS=2_YS=1_Mem_row_factor=8/RIN=1_CIN=256_COUT=256_INBITS=16_WBITS=8.txt
2,1,8,1,32,32,16,2,PASS,correctness pass,63,32,673,140,908,True,225850,2806,LUMAX/software/tests/src/Log/XS=2_YS=1_Mem_row_factor=8/RIN=1_CIN=32_COUT=32_INBITS=16_WBITS=2.txt
2,1,8,1,32,32,16,4,PASS,correctness pass,63,80,701,150,994,True,224791,2820,LUMAX/software/tests/src/Log/XS=2_YS=1_Mem_row_factor=8/RIN=1_CIN=32_COUT=32_INBITS=16_WBITS=4.txt
2,1,8,1,32,32,16,8,PASS,correctness pass,66,1040,1014,124,2244,True,176125,4101,LUMAX/software/tests/src/Log/XS=2_YS=1_Mem_row_factor=8/RIN=1_CIN=32_COUT=32_INBITS=16_WBITS=8.txt
2,1,8,1,4,4,16,2,FAIL,correctness mismatch,26,4,40,32,102,True,4263,2019,LUMAX/software/tests/src/Log/XS=2_YS=1_Mem_row_factor=8/RIN=1_CIN=4_COUT=4_INBITS=16_WBITS=2.txt
2,1,8,1,4,4,16,4,FAIL,correctness mismatch,26,10,34,32,102,True,4231,1927,LUMAX/software/tests/src/Log/XS=2_YS=1_Mem_row_factor=8/RIN=1_CIN=4_COUT=4_INBITS=16_WBITS=4.txt
2,1,8,1,4,4,16,8,FAIL,correctness mismatch,26,130,47,32,235,True,3427,2004,LUMAX/software/tests/src/Log/XS=2_YS=1_Mem_row_factor=8/RIN=1_CIN=4_COUT=4_INBITS=16_WBITS=8.txt
2,1,8,1,512,512,16,4,UNKNOWN,no result,,,,,,False,,,LUMAX/software/tests/src/Log/XS=2_YS=1_Mem_row_factor=8/RIN=1_CIN=512_COUT=512_INBITS=16_WBITS=4.txt
2,1,8,1,512,512,16,8,FAIL,simulation failure,,,,,,False,,,LUMAX/software/tests/src/Log/XS=2_YS=1_Mem_row_factor=8/RIN=1_CIN=512_COUT=512_INBITS=16_WBITS=8.txt
2,1,8,1,64,1,16,8,PASS,correctness pass,102,2080,56,25,,False,5314,3396,LUMAX/software/tests/src/Log/XS=2_YS=1_Mem_row_factor=8/RIN=1_CIN=64_COUT=1_INBITS=16_WBITS=8.txt
2,1,8,1,64,64,16,2,PASS,correctness pass,102,64,2369,246,2781,True,896739,4679,LUMAX/software/tests/src/Log/XS=2_YS=1_Mem_row_factor=8/RIN=1_CIN=64_COUT=64_INBITS=16_WBITS=2.txt
2,1,8,1,64,64,16,4,PASS,correctness pass,87,160,2369,269,2885,True,907312,4768,LUMAX/software/tests/src/Log/XS=2_YS=1_Mem_row_factor=8/RIN=1_CIN=64_COUT=64_INBITS=16_WBITS=4.txt
2,1,8,1,64,64,16,8,PASS,correctness pass,84,2080,3513,254,5931,True,712272,7790,LUMAX/software/tests/src/Log/XS=2_YS=1_Mem_row_factor=8/RIN=1_CIN=64_COUT=64_INBITS=16_WBITS=8.txt
2,1,8,1,8,8,16,2,FAIL,correctness mismatch,26,8,84,46,164,True,15040,2081,LUMAX/software/tests/src/Log/XS=2_YS=1_Mem_row_factor=8/RIN=1_CIN=8_COUT=8_INBITS=16_WBITS=2.txt
2,1,8,1,8,8,16,4,FAIL,correctness mismatch,26,20,73,46,165,True,14961,1990,LUMAX/software/tests/src/Log/XS=2_YS=1_Mem_row_factor=8/RIN=1_CIN=8_COUT=8_INBITS=16_WBITS=4.txt
2,1,8,1,8,8,16,8,PASS,correctness pass,26,260,73,46,405,True,11853,2260,LUMAX/software/tests/src/Log/XS=2_YS=1_Mem_row_factor=8/RIN=1_CIN=8_COUT=8_INBITS=16_WBITS=8.txt
4,1,8,1,128,128,16,2,PASS,correctness pass,131,64,4737,479,5411,True,3628114,7359,LUMAX/software/tests/src/Log/XS=4_YS=1_Mem_row_factor=8/RIN=1_CIN=128_COUT=128_INBITS=16_WBITS=2.txt
4,1,8,1,128,128,16,4,PASS,correctness pass,131,160,4737,478,5506,True,3613762,7435,LUMAX/software/tests/src/Log/XS=4_YS=1_Mem_row_factor=8/RIN=1_CIN=128_COUT=128_INBITS=16_WBITS=4.txt
4,1,8,1,128,128,16,8,PASS,correctness pass,140,2080,9486,490,12196,True,2837226,14062,LUMAX/software/tests/src/Log/XS=4_YS=1_Mem_row_factor=8/RIN=1_CIN=128_COUT=128_INBITS=16_WBITS=8.txt
4,1,8,1,16,16,16,2,FAIL,correctness mismatch,49,8,188,84,329,True,57481,2246,LUMAX/software/tests/src/Log/XS=4_YS=1_Mem_row_factor=8/RIN=1_CIN=16_COUT=16_INBITS=16_WBITS=2.txt
4,1,8,1,16,16,16,4,FAIL,correctness mismatch,49,20,193,84,346,True,57191,2170,LUMAX/software/tests/src/Log/XS=4_YS=1_Mem_row_factor=8/RIN=1_CIN=16_COUT=16_INBITS=16_WBITS=4.txt
4,1,8,1,16,16,16,8,FAIL,correctness mismatch,49,260,213,68,590,True,44978,2446,LUMAX/software/tests/src/Log/XS=4_YS=1_Mem_row_factor=8/RIN=1_CIN=16_COUT=16_INBITS=16_WBITS=8.txt
4,1,8,1,256,256,16,2,PASS,correctness pass,227,128,17665,970,18990,True,15343458,21040,LUMAX/software/tests/src/Log/XS=4_YS=1_Mem_row_factor=8/RIN=1_CIN=256_COUT=256_INBITS=16_WBITS=2.txt
4,1,8,1,256,256,16,4,PASS,correctness pass,227,320,17867,968,19382,True,15283317,21379,LUMAX/software/tests/src/Log/XS=4_YS=1_Mem_row_factor=8/RIN=1_CIN=256_COUT=256_INBITS=16_WBITS=4.txt
4,1,8,1,256,256,16,8,PASS,correctness pass,264,4160,38114,982,43520,True,11323861,45428,LUMAX/software/tests/src/Log/XS=4_YS=1_Mem_row_factor=8/RIN=1_CIN=256_COUT=256_INBITS=16_WBITS=8.txt
4,1,8,1,32,32,16,2,FAIL,correctness mismatch,63,16,449,140,668,True,225850,2566,LUMAX/software/tests/src/Log/XS=4_YS=1_Mem_row_factor=8/RIN=1_CIN=32_COUT=32_INBITS=16_WBITS=2.txt
4,1,8,1,32,32,16,4,FAIL,correctness mismatch,63,40,508,150,761,True,224791,2586,LUMAX/software/tests/src/Log/XS=4_YS=1_Mem_row_factor=8/RIN=1_CIN=32_COUT=32_INBITS=16_WBITS=4.txt
4,1,8,1,32,32,16,8,PASS,correctness pass,63,520,748,124,1455,True,176125,3311,LUMAX/software/tests/src/Log/XS=4_YS=1_Mem_row_factor=8/RIN=1_CIN=32_COUT=32_INBITS=16_WBITS=8.txt
4,1,8,1,4,4,16,2,FAIL,correctness mismatch,28,2,49,32,111,True,4263,2028,LUMAX/software/tests/src/Log/XS=4_YS=1_Mem_row_factor=8/RIN=1_CIN=4_COUT=4_INBITS=16_WBITS=2.txt
4,1,8,1,4,4,16,4,FAIL,correctness mismatch,28,5,46,32,111,True,4231,1935,LUMAX/software/tests/src/Log/XS=4_YS=1_Mem_row_factor=8/RIN=1_CIN=4_COUT=4_INBITS=16_WBITS=4.txt
4,1,8,1,4,4,16,8,FAIL,correctness mismatch,28,65,45,32,170,True,3405,2025,LUMAX/software/tests/src/Log/XS=4_YS=1_Mem_row_factor=8/RIN=1_CIN=4_COUT=4_INBITS=16_WBITS=8.txt
4,1,8,1,64,64,16,2,FAIL,correctness mismatch,102,32,1420,246,1800,True,896739,3698,LUMAX/software/tests/src/Log/XS=4_YS=1_Mem_row_factor=8/RIN=1_CIN=64_COUT=64_INBITS=16_WBITS=2.txt
4,1,8,1,64,64,16,4,PASS,correctness pass,87,80,1384,268,1819,True,907312,3701,LUMAX/software/tests/src/Log/XS=4_YS=1_Mem_row_factor=8/RIN=1_CIN=64_COUT=64_INBITS=16_WBITS=4.txt
4,1,8,1,64,64,16,8,PASS,correctness pass,78,1040,2414,254,3786,True,712272,5645,LUMAX/software/tests/src/Log/XS=4_YS=1_Mem_row_factor=8/RIN=1_CIN=64_COUT=64_INBITS=16_WBITS=8.txt
4,1,8,1,8,8,16,2,FAIL,correctness mismatch,26,4,102,46,178,True,15040,2095,LUMAX/software/tests/src/Log/XS=4_YS=1_Mem_row_factor=8/RIN=1_CIN=8_COUT=8_INBITS=16_WBITS=2.txt
4,1,8,1,8,8,16,4,FAIL,correctness mismatch,26,10,97,46,179,True,14961,2003,LUMAX/software/tests/src/Log/XS=4_YS=1_Mem_row_factor=8/RIN=1_CIN=8_COUT=8_INBITS=16_WBITS=4.txt
4,1,8,1,8,8,16,8,FAIL,correctness mismatch,26,130,81,46,283,True,11853,2138,LUMAX/software/tests/src/Log/XS=4_YS=1_Mem_row_factor=8/RIN=1_CIN=8_COUT=8_INBITS=16_WBITS=8.txt
